{"cameraMode":{"drawMode":0,"name":"Shaded","section":"Shading Mode"},"sceneLighting":true,"audioPlay":false,"sceneViewState":{"m_AlwaysRefresh":false,"showFog":true,"showSkybox":true,"showFlares":true,"showImageEffects":true,"showParticleSystems":true,"showVisualEffectGraphs":true,"m_FxEnabled":true},"in2DMode":false,"pivot":{"x":58.097206115722659,"y":2.747805118560791,"z":99.41020202636719},"rotation":{"x":-0.038760215044021609,"y":0.4169459044933319,"z":0.017656292766332628,"w":0.9080005884170532},"size":0.5558638572692871,"orthographic":false}