{"cameraMode":{"drawMode":0,"name":"Shaded","section":"Shading Mode"},"sceneLighting":false,"audioPlay":false,"sceneViewState":{"m_AlwaysRefresh":false,"showFog":true,"showSkybox":false,"showFlares":true,"showImageEffects":true,"showParticleSystems":true,"showVisualEffectGraphs":true,"m_FxEnabled":true},"in2DMode":false,"pivot":{"x":-0.25768566131591799,"y":1.6148691177368165,"z":2.2441537380218508},"rotation":{"x":-0.12963402271270753,"y":-0.053520068526268008,"z":-0.007013255730271339,"w":0.9900760650634766},"size":12.12435531616211,"orthographic":false}