{"cameraMode":{"drawMode":0,"name":"Shaded","section":"Shading Mode"},"sceneLighting":false,"audioPlay":false,"sceneViewState":{"m_AlwaysRefresh":false,"showFog":true,"showSkybox":false,"showFlares":true,"showImageEffects":true,"showParticleSystems":true,"showVisualEffectGraphs":true,"m_FxEnabled":true},"in2DMode":false,"pivot":{"x":714.59521484375,"y":262.9777526855469,"z":906.7625122070313},"rotation":{"x":0.020378271117806436,"y":0.044070154428482059,"z":-0.0008826931589283049,"w":0.9988220930099487},"size":614.0374755859375,"orthographic":false}